,City,Country,Date,Temperature,lat,long,Humidity,Wind Speed,Cloudiness
0,taolanaro,,,,,,,,
1,kazalinsk,,,,,,,,
2,rikitea,PF,1573954784,75.36,-23.12,-134.97,82,6.73,51
3,busselton,AU,1573954815,80.01,-33.64,115.35,38,11.39,0
4,carnarvon,ZA,1573954815,56.57,-30.97,22.13,80,12.64,0
5,flic en flac,MU,1573954816,75.99,-20.27,57.36,83,12.75,75
6,jiroft,,,,,,,,
7,port elizabeth,US,1573954816,45,39.31,-74.98,32,11.41,90
8,hobart,AU,1573954520,62.01,-42.88,147.33,33,18.34,40
9,punta arenas,CL,1573954817,48.2,-53.16,-70.91,66,25.28,75
10,henties bay,NA,1573954817,61,-22.12,14.28,94,5.01,95
11,cape town,ZA,1573954817,61,-33.93,18.42,63,19.46,40
12,vaini,IN,1573954818,68,15.34,74.49,88,9.91,79
13,lakatoro,VU,1573954818,80.6,-16.11,167.42,77,15.95,99
14,grand river south east,,,,,,,,
15,finschhafen,PG,1573954819,75.4,-6.6,147.85,90,8.01,100
16,mataura,NZ,1573954819,59,-46.19,168.86,55,7,11
17,thompson,CA,1573954541,17.6,55.74,-97.86,85,8.05,90
18,karratha,AU,1573954819,84.2,-20.74,116.85,47,8.57,0
19,ushuaia,AR,1573954820,46.4,-54.81,-68.31,81,6.93,75
20,sitka,US,1573954820,53.01,37.17,-99.65,48,1.99,100
21,bengkulu,,,,,,,,
22,port hedland,AU,1573954821,89.6,-20.31,118.58,70,13.87,0
23,yomitan,,,,,,,,
24,mar del plata,AR,1573954821,59.94,-46.43,-67.52,43,29.73,14
25,puerto ayora,EC,1573954731,75.2,-0.74,-90.35,64,12.75,40
26,kuminskiy,RU,1573954822,26.87,58.67,66.57,97,4.81,100
27,upernavik,GL,1573954747,14.92,72.79,-56.15,60,9.8,100
28,arraial do cabo,BR,1573954822,71.51,-22.97,-42.02,83,11.21,0
29,yellowknife,CA,1573954823,8.01,62.45,-114.38,84,4.7,90
30,ejea de los caballeros,ES,1573954823,43,42.13,-1.14,70,11.41,75
31,viedma,AR,1573954823,64.33,-40.81,-62.99,37,16.13,15
32,saint-philippe,CA,1573954824,17.01,45.36,-73.48,66,2.24,1
33,illoqqortoormiut,,,,,,,,
34,kahului,US,1573954824,82.4,20.89,-156.47,69,16.11,40
35,victoria,BN,1573954803,84.2,5.28,115.24,79,2.24,75
36,hofn,IS,1573954825,40.53,64.25,-15.21,53,8.63,40
37,kavieng,PG,1573954825,81.68,-2.57,150.8,75,8.12,100
38,lebu,ET,1573954825,51.8,8.96,38.73,71,3.36,20
39,rawatsar,IN,1573954826,68.4,29.26,74.4,59,9.28,0
40,georgetown,GY,1573954765,80.6,6.8,-58.16,88,6.93,40
41,butaritari,KI,1573954826,83.66,3.07,172.79,73,11.41,80
42,tiksi,RU,1573954827,-3.62,71.64,128.87,97,4.61,98
43,sahrak,,,,,,,,
44,hilo,US,1573954828,78.8,19.71,-155.08,83,4.7,90
45,vieux-habitants,GP,1573954828,75.2,16.06,-61.77,100,2.24,1
46,ambon,FR,1573954828,42.01,47.55,-2.56,100,3.36,90
47,barrow,AR,1573954757,57.97,-38.31,-60.23,59,8.72,65
48,belushya guba,,,,,,,,
49,palabuhanratu,,,,,,,,
50,pacific grove,US,1573954680,66.2,36.62,-121.92,87,9.08,90
51,khuzdar,PK,1573954830,52.27,27.8,66.62,67,1.83,57
52,tete,MZ,1573954830,76.37,-16.16,33.59,86,3.8,100
53,yacopi,CO,1573954830,67.37,5.46,-74.34,96,2.51,23
54,soller,DE,1573954831,37.4,50.73,6.56,93,2.24,7
55,nivala,FI,1573954831,26.01,63.93,24.96,92,5.01,100
56,mahebourg,MU,1573954831,75.99,-20.41,57.7,83,12.75,75
57,ponta pora,BR,1573954832,67.28,-22.54,-55.73,55,5.23,52
58,dikson,RU,1573954832,-11.29,73.51,80.55,87,7.74,0
59,bahia blanca,AR,1573954832,66.15,-38.72,-62.27,27,11.48,70
60,colares,PT,1573954833,57,38.8,-9.45,100,10.29,75
61,bluff,AU,1573954736,100.08,-23.58,149.07,15,14.76,0
62,clyde river,CA,1573954834,5,70.47,-68.59,71,9.17,75
63,namibe,AO,1573954834,70.23,-15.19,12.15,78,11.54,8
64,norman wells,CA,1573954834,-5.8,65.28,-126.83,76,5.82,90
65,paamiut,GL,1573954772,33.91,61.99,-49.67,65,17.16,100
66,kisangani,CD,1573954835,70.41,0.52,25.21,99,2.35,100
67,mogadishu,SO,1573954835,80.92,2.04,45.34,81,18.9,64
68,sao filipe,CV,1573954836,72.68,14.9,-24.5,81,14.41,13
69,tuktoyaktuk,CA,1573954836,-11.2,69.44,-133.03,83,6.93,40
70,biltine,TD,1573954836,76.48,14.53,20.93,23,15.3,0
71,east london,ZA,1573954837,67.68,-33.02,27.91,75,8.23,93
72,klaksvik,FO,1573954746,39.2,62.23,-6.59,80,4.7,0
73,nchelenge,ZM,1573954837,70.12,-9.35,28.74,89,5.17,100
74,jamestown,AU,1573954740,78.57,-33.21,138.6,15,1.36,42
75,albany,US,1573954801,24.01,42.65,-73.75,53,6.93,1
76,fairbanks,US,1573954838,8.6,64.84,-147.72,77,3.36,90
77,codrington,AU,1573954838,86,-28.95,153.24,42,6.93,75
78,qaanaaq,GL,1573954838,6.06,77.48,-69.36,95,5.95,100
79,srednekolymsk,RU,1573954839,1.94,67.46,153.71,96,6.78,100
80,salalah,OM,1573954839,77,17.01,54.1,57,2.24,20
81,inhambane,MZ,1573954839,70.97,-23.87,35.38,88,10.47,30
82,samfya,ZM,1573954840,66.25,-11.37,29.56,94,4.18,100
83,lolua,,,,,,,,
84,talnakh,RU,1573954840,-4,69.49,88.39,64,11.18,0
85,port alfred,ZA,1573954841,64,-33.59,26.89,95,1.99,98
86,tessalit,ML,1573954841,68.85,20.2,1.01,23,7.07,22
87,severo-kurilsk,RU,1573954841,23.22,50.68,156.12,62,0.83,63
88,faya,SA,1573954841,51.8,18.39,42.45,81,3.15,63
89,luderitz,NA,1573954774,64.4,-26.65,15.16,72,23.04,0
90,chandler,US,1573954602,73.99,33.31,-111.84,21,6.93,40
91,halalo,,,,,,,,
92,kikwit,CD,1573954843,68.9,-5.04,18.82,98,1.23,100
93,hermanus,ZA,1573954843,59,-34.42,19.24,92,13.89,77
94,aripuana,BR,1573954844,72.16,-9.17,-60.63,94,2.35,98
95,marabba,SD,1573954844,78.55,12.35,32.18,35,7.43,62
96,road town,VG,1573954548,82.4,18.42,-64.62,78,5.82,40
97,cap malheureux,MU,1573954844,75.99,-19.98,57.61,83,12.75,75
98,baruun-urt,MN,1573954845,4.82,46.68,113.28,87,17.34,100
99,moose factory,CA,1573954845,23,51.26,-80.61,62,12.75,90
100,senovo,BG,1573954845,51.22,43.65,26.37,96,6.4,100
101,yirol,,,,,,,,
102,attawapiskat,,,,,,,,
103,byron bay,AU,1573954594,86,-28.65,153.62,65,10.29,40
104,piacabucu,BR,1573954847,77.5,-10.41,-36.43,80,13.2,15
105,san angelo,US,1573954604,57.99,31.46,-100.44,50,8.61,1
106,imeni poliny osipenko,RU,1573954848,18,52.42,136.49,68,1.97,100
107,gurupa,,,,,,,,
108,saint-joseph,FR,1573954849,52,43.56,6.97,81,2.24,100
109,jingdezhen,CN,1573954849,79.38,29.29,117.2,30,3.24,53
110,hithadhoo,MV,1573954849,82.02,-0.6,73.08,78,16.08,97
111,alta floresta,BR,1573954850,70.97,-9.87,-56.08,99,1.74,100
112,belaya gora,RU,1573954850,-3.53,68.54,146.19,98,4.97,100
113,lompoc,US,1573954851,73.4,34.64,-120.46,77,6.93,1
114,vila velha,BR,1573954851,80.6,-3.71,-38.6,78,8.05,40
115,faanui,PF,1573954851,79.99,-16.48,-151.75,82,13.4,4
116,sturgeon bay,US,1573954852,33.8,44.83,-87.38,80,6.93,75
117,ilanskiy,RU,1573954852,2.14,56.24,96.06,63,5.14,100
118,tura,RU,1573954852,-30.87,64.27,100.22,96,2.04,25
119,north bend,US,1573954852,57,43.41,-124.22,93,3.36,75
120,aramil,RU,1573954852,33.8,56.7,60.85,86,11.18,75
121,kodiak,US,1573954853,50,39.95,-94.76,52,9.17,1
122,cherskiy,RU,1573954853,-9.17,68.75,161.3,100,0.6,45
123,sao felix do xingu,BR,1573954853,72.63,-6.64,-51.99,98,1.1,85
124,bethel,US,1573954853,10.4,60.79,-161.76,78,18.34,75
125,mys shmidta,,,,,,,,
126,kabinda,CD,1573954854,68.68,-6.14,24.49,96,4.34,100
127,letlhakane,BW,1573954855,75.22,-21.42,25.59,44,9.86,17
128,college,US,1573954785,8.6,64.86,-147.8,77,3.36,90
129,maldonado,UY,1573954855,66.2,-34.91,-54.96,77,4.7,0
130,palembang,ID,1573954856,92.89,-2.99,104.76,43,3.76,38
131,san juan,AR,1573954856,78.37,-31.54,-68.53,38,5.91,0
132,mporokoso,ZM,1573954856,62.76,-9.37,30.12,96,1.1,92
133,san cristobal,HN,1573954857,65.75,14.68,-86.92,98,4.68,100
134,amderma,,,,,,,,
135,fortuna,US,1573954857,53.01,40.6,-124.16,100,10.29,90
136,lagoa,PT,1573954858,51.01,37.14,-8.45,81,8.05,52
137,baboua,,,,,,,,
138,iqaluit,CA,1573954747,15.8,63.75,-68.52,72,8.05,90
139,alofi,NU,1573954858,80.6,-19.06,-169.92,69,10.29,55
140,bredasdorp,ZA,1573954859,59,-34.53,20.04,77,5.82,96
141,barinas,VE,1573954859,75.51,8.64,-70.23,83,0.54,60
142,atuona,PF,1573954859,79.83,-9.8,-139.03,73,12.66,1
143,ilulissat,GL,1573954860,17.6,69.22,-51.1,52,28.86,0
144,ponta do sol,BR,1573954860,66.69,-20.63,-46,88,5.17,47
145,new norfolk,AU,1573954860,62.01,-42.78,147.06,33,18.34,40
146,sudbury,CA,1573954855,14,46.49,-80.99,66,10.29,75
147,vanimo,PG,1573954861,84.42,-2.67,141.3,70,8.14,100
148,vemalwada,IN,1573954861,74.61,18.47,78.88,56,4.18,0
149,puri,ID,1573954861,94.57,-7.54,112.45,31,8.52,100
150,ust-tsilma,RU,1573954861,24.31,65.44,52.15,92,5.61,99
151,pisco,PE,1573954842,64.4,-13.71,-76.2,88,12.75,7
152,shache,CN,1573954862,32,38.42,77.24,48,8.61,92
153,banda aceh,ID,1573954862,83.88,5.56,95.32,64,3.62,51
154,hovd,NO,1573954863,39.99,63.83,10.7,80,12.75,75
155,genhe,CN,1573954863,2.46,50.78,121.52,72,3.71,100
156,ixtapa,MX,1573954863,80.6,20.71,-105.21,78,2.24,90
157,nikolskoye,RU,1573954864,37.99,59.7,30.79,93,6.71,90
158,kruisfontein,ZA,1573954864,56.19,-34,24.73,93,14.67,100
159,katsuura,JP,1573954864,60.8,33.93,134.5,67,5.82,75
160,naliya,IN,1573954865,75.4,23.26,68.83,63,14.76,46
161,casper,US,1573954786,35.01,42.87,-106.31,87,5.82,90
162,matamba,TZ,1573954865,60.78,-8.97,33.96,80,1.43,100
163,castro,CL,1573954866,51.8,-42.48,-73.76,100,16.11,90
164,flin flon,CA,1573954866,16.99,54.77,-101.88,95,4.54,89
165,camana,,,,,,,,
166,lata,IN,1573954867,30.31,30.78,78.62,35,7.76,0
167,new glasgow,CA,1573954867,28.99,45.59,-62.65,78,10,100
168,naantali,FI,1573954868,42.01,60.45,22.03,93,11.41,90
169,tucuman,PE,1573954868,53.1,-17.17,-70.89,64,2.51,79
170,longyearbyen,NO,1573954762,30.2,78.22,15.63,92,3.36,75
171,waipawa,NZ,1573954869,69.01,-39.94,176.59,52,10,100
172,nanortalik,GL,1573954869,32.25,60.14,-45.24,84,37.29,100
173,dudinka,RU,1573954869,-4,69.41,86.18,64,11.18,0
174,nizhniy kuranakh,RU,1573954870,-7.35,58.84,125.49,92,7.9,100
175,baghmara,IN,1573954870,71.87,23.8,86.21,45,3.58,0
176,chokurdakh,RU,1573954870,-2.85,70.62,147.9,98,5.26,99
177,terney,RU,1573954871,24.67,45.05,136.61,39,8.84,0
178,strelka,RU,1573954871,3.42,58.08,93.03,93,8.32,100
179,najran,SA,1573954871,64.4,17.54,44.22,42,0.98,33
180,gondanglegi,ID,1573954872,90.81,-7.75,112.01,43,7.02,49
181,ust-kuyga,RU,1573954872,-15.59,70,135.55,99,4.85,98
182,gomel,,,,,,,,
183,hay river,CA,1573954872,5,60.82,-115.79,84,2.24,40
184,sinnamary,GF,1573954873,81.91,5.38,-52.96,80,15.32,0
185,santa helena,BR,1573954864,73.27,-2.23,-45.3,92,2.77,0
186,turayf,SA,1573954874,53.6,31.68,38.65,100,11.41,75
187,fethiye,TR,1573954874,53.6,36.62,29.12,93,6.93,0
188,deputatskiy,RU,1573954741,-4.4,69.3,139.9,96,3.42,91
189,tsihombe,,,,,,,,
190,santana do matos,BR,1573954875,67.89,-5.95,-36.65,92,6.33,7
191,maturin,VE,1573954769,73.69,9.75,-63.18,92,5.1,99
192,kasongo-lunda,CD,1573954876,67.08,-6.48,16.82,99,2.39,100
193,maykain,,,,,,,,
194,airai,TL,1573954876,87.51,-8.93,125.41,25,9.17,2
195,gurnee,US,1573954728,36,42.37,-87.9,74,8.05,1
196,minab,IR,1573954877,59,27.15,57.07,77,4.7,0
197,mount gambier,AU,1573954877,59,-37.83,140.78,54,10.29,90
198,arcelia,MX,1573954877,72.34,18.32,-100.28,81,2.39,48
199,bukachacha,RU,1573954878,-1.32,52.99,116.91,82,6.44,99
200,umm kaddadah,SD,1573954878,74.08,13.6,26.69,25,13.11,0
201,poum,MK,1573954878,42.93,41.28,20.71,93,5.84,92
202,kashi,,,,,,,,
203,portland,US,1573954879,26.01,43.66,-70.25,35,15.84,1
204,san pedro,AR,1573954880,66.99,-33.68,-59.66,81,2.89,0
205,ponta delgada,PT,1573954880,55.4,37.73,-25.67,76,6.93,40
206,leningradskiy,RU,1573954880,14.97,69.38,178.42,90,7.23,100
207,saint anthony,US,1573954881,42.8,43.97,-111.68,41,4.7,1
208,jalu,LY,1573954881,60.51,29.03,21.55,59,10.47,99
209,umzimvubu,,,,,,,,
210,nome,US,1573954882,50,30.04,-94.42,76,3.33,1
211,hami,CN,1573954750,21.2,42.84,93.51,18,1.05,0
212,listvyanskiy,RU,1573954882,8.26,54.44,83.49,93,15.21,100
213,tasiilaq,GL,1573954883,28.4,65.61,-37.64,79,14.99,93
214,kaitangata,NZ,1573954883,59,-46.28,169.85,70,8.01,97
215,torbay,CA,1573954883,30,47.66,-52.73,63,36.91,40
216,valley,DE,1573954884,41,47.9,11.78,100,5.82,100
217,opuwo,NA,1573954884,65.12,-18.06,13.84,25,6.2,2
218,kapaa,US,1573954884,84.2,22.08,-159.32,78,16.11,75
219,mehamn,NO,1573954884,19.24,71.03,27.85,91,13.33,8
220,chuy,UY,1573954676,66.33,-33.69,-53.46,87,3.24,21
221,saskylakh,RU,1573954763,-6.93,71.97,114.09,97,6.67,100
222,esperance,AU,1573954885,95,-33.86,121.89,19,13.87,0
223,kui buri,TH,1573954886,80.6,12.07,99.86,65,3.18,0
224,okhotsk,RU,1573954886,17.44,59.36,143.24,70,18.77,100
225,narsaq,GL,1573954737,37.4,60.91,-46.05,37,35.57,100
226,puerto escondido,MX,1573954887,82.4,15.86,-97.07,74,3.47,75
227,samusu,,,,,,,,
228,killarney,AU,1573954888,82.99,-28.34,152.3,22,3,30
229,canaries,,,,,,,,
230,bara,NG,1573954889,73.02,10.41,10.6,23,4.09,43
231,illapel,CL,1573954774,51.76,-31.63,-71.17,88,3.2,1
232,poso,ID,1573954889,79.68,-1.4,120.75,57,4.09,26
233,nouadhibou,MR,1573954890,66.2,20.93,-17.03,68,9.17,23
234,namalenga,TZ,1573954890,75.63,-10.95,39.1,80,3.94,100
235,husavik,CA,1573954890,30.99,50.56,-96.99,95,11.01,100
236,saint-augustin,CA,1573954891,16,45.63,-73.98,72,2.24,5
237,viligili,,,,,,,,
238,joshimath,IN,1573954891,49.28,30.57,79.57,21,6.76,0
239,nabire,ID,1573954892,92.19,-3.36,135.5,46,5.19,2
240,pochutla,MX,1573954892,82.4,15.74,-96.47,74,5.95,75
241,avarua,CK,1573954750,80.6,-21.21,-159.78,69,11.41,3
242,batagay-alyta,RU,1573954892,-4.13,67.8,130.41,98,3.33,100
243,gurupi,BR,1573954855,74.64,-11.73,-49.07,84,2.68,24
244,geraldton,CA,1573954893,32,49.72,-86.95,85,13.87,90
245,iquique,CL,1573954724,66.2,-20.22,-70.14,68,21.92,21
246,muroto,JP,1573954894,64.4,33.37,134.14,45,5.82,55
247,turgutlu,TR,1573954894,51.8,38.5,27.71,93,1.86,10
248,waiuku,NZ,1573954895,73,-37.25,174.73,68,14.99,58
249,utiroa,,,,,,,,
250,sungaipenuh,ID,1573954895,76.41,-2.08,101.38,49,5.32,9
251,borogontsy,RU,1573954896,-13.4,62.67,131.17,95,5.03,100
252,kiunga,PG,1573954896,85.17,-6.12,141.3,78,1.5,97
253,kaili,ID,1573954897,76.96,-3.46,120.21,56,2.53,0
254,kedrovyy,RU,1573954897,5,56.17,91.82,71,4.47,100
255,guerande,FR,1573954897,46.99,48.47,-4.17,93,3.36,90
256,tazovskiy,RU,1573954897,-19.59,67.47,78.7,92,16.78,34
257,tacuati,PY,1573954898,67.96,-23.46,-56.74,52,3.47,72
258,eldorado,BR,1573954898,62.08,-24.52,-48.11,95,1.07,38
259,khatanga,RU,1573954898,-13.16,71.98,102.47,88,1.14,93
260,provideniya,RU,1573954899,17.53,64.42,-173.23,88,9.98,100
261,marsh harbour,BS,1573954899,69.94,26.54,-77.06,74,19.57,21
262,tuggurt,,,,,,,,
263,alekseyevsk,RU,1573954758,-12.32,57.84,108.35,91,1.48,0
264,bagdarin,RU,1573954900,-8.36,54.44,113.59,59,7.34,27
265,elliot,ZA,1573954900,56.08,-31.33,27.85,96,4.32,99
266,freetown,BS,1573954901,69.75,26.61,-78.36,71,17.25,95
267,cayenne,GF,1573954901,78.8,4.94,-52.33,88,1.12,39
268,ancud,CL,1573954901,51.8,-41.87,-73.83,100,16.11,90
269,crangeni,RO,1573954902,48.2,44.03,24.78,100,7.74,90
270,zhangjiakou,CN,1573954902,33.13,40.77,114.88,24,19.01,100
271,vacaria,BR,1573954902,50.72,-28.51,-50.94,97,6.15,0
272,zyryanka,RU,1573954903,-1.55,65.73,150.89,95,13.82,100
273,maceio,BR,1573954903,75.2,-9.67,-35.74,88,6.93,44
274,olinda,AU,1573954903,63,-37.84,145.39,58,17.22,90
275,chambersburg,US,1573954833,33.8,39.94,-77.66,55,6.93,1
276,ruatoria,,,,,,,,
277,marawi,PH,1573954905,78.93,8,124.29,67,4.18,17
278,bambous virieux,MU,1573954773,75.99,-20.34,57.76,83,12.75,75
279,diego de almagro,CL,1573954905,55.8,-26.39,-70.05,67,0.45,100
280,pimenteiras,BR,1573954906,81.5,-6.24,-41.42,44,4.94,33
281,komsomolskiy,RU,1573954906,11.95,67.55,63.78,95,8.39,89
282,ostrovnoy,RU,1573954906,19.98,68.05,39.51,93,5.64,83
283,rabat,MA,1573954907,46,34.02,-6.83,87,4.7,0
284,blanes,FR,1573954907,42.01,42.74,1.47,94,5.66,60
285,lhokseumawe,ID,1573954907,79.93,5.18,97.15,72,3.18,94
286,havre-saint-pierre,CA,1573954908,19.4,50.23,-63.6,67,21.92,1
287,nizwa,OM,1573954884,61.47,22.93,57.53,52,0.18,100
288,avera,US,1573954908,50,33.19,-82.53,66,6.93,75
289,ghanzi,BW,1573954908,73.8,-21.7,21.65,15,6.2,0
290,mutsu,JP,1573954909,41,41.29,141.2,55,16.11,40
291,shingu,JP,1573954909,62.6,33.72,135.99,67,5.82,40
292,port lincoln,AU,1573954909,62.01,-34.72,135.86,53,10.07,49
293,hokitika,NZ,1573954910,57.02,-42.72,170.96,71,6.67,100
294,ozgon,,,,,,,,
295,tuatapere,NZ,1573954910,59,-46.13,167.69,55,7,61
296,buraydah,SA,1573954784,60.8,26.33,43.97,77,5.82,20
297,meyungs,,,,,,,,
298,makakilo city,US,1573954911,86,21.35,-158.09,83,4.9,75
299,beringovskiy,RU,1573954912,29.28,63.05,179.32,77,15.68,100
300,micheweni,TZ,1573954912,82.24,-4.97,39.83,81,13.71,5
301,straumen,NO,1573954912,37.99,63.87,11.3,80,12.75,75
302,mao,DO,1573954912,80.01,19.55,-71.08,78,6.93,20
303,funadhoo,MV,1573954913,82.06,6.15,73.27,78,12.41,1
304,ahipara,NZ,1573954913,71.01,-35.17,173.16,91,5.01,9
305,banamba,ML,1573954913,76.05,13.55,-7.45,23,8.08,42
306,saleaula,,,,,,,,
307,flinders,AU,1573954914,72,-34.58,150.85,63,16.11,75
308,comodoro rivadavia,AR,1573954914,68,-45.87,-67.48,47,25.28,13
309,lorengau,PG,1573954915,85.57,-2.02,147.27,69,9.78,88
310,labrea,,,,,,,,
311,zhicheng,CN,1573954915,61.09,35.04,112.59,32,6.06,55
312,vendome,FR,1573954915,42.8,47.44,-0.57,100,1.12,90
313,innisfail,AU,1573954916,89.01,-17.52,146.03,31,4,100
314,senneterre,CA,1573954916,14,48.39,-77.24,66,6.93,90
315,saraza,PH,1573954916,81.9,8.74,117.78,75,3.24,100
316,jesus maria,CL,1573954917,59.25,-20.49,-69.32,43,3.74,0
317,petropavlovsk-kamchatskiy,RU,1573954917,19.4,53.05,158.65,73,2.24,0
318,paita,PE,1573954917,66.97,-5.09,-81.11,85,5.17,76
319,xining,CN,1573954917,23.92,36.62,101.77,58,15.14,100
320,borovsk,RU,1573954918,37.4,55.21,36.48,100,4.47,90
321,tilichiki,RU,1573954918,7.66,60.47,166.1,76,10.69,100
322,half moon bay,US,1573954724,68,37.46,-122.43,93,4.7,75
323,san quintin,PH,1573954918,84.07,17.54,120.52,65,4.81,42
324,sechura,PE,1573954919,65.17,-5.56,-80.82,91,8.08,46
325,guerrero negro,MX,1573954919,63.37,27.97,-114.04,91,8.77,2
326,golfito,CR,1573954919,74.55,8.64,-83.17,93,1.32,91
327,porto seguro,BR,1573954920,77,-16.44,-39.06,83,4.7,40
328,kuche,,,,,,,,
329,ugoofaaru,MV,1573954920,82.11,5.67,73,76,12.03,0
330,ossora,RU,1573954921,24.1,59.24,163.07,90,20.18,100
331,port-cartier,CA,1573954921,23,50.03,-66.88,73,12.75,20
332,tezu,IN,1573954921,73.51,27.93,96.16,55,2.84,0
333,ondo,NG,1573954922,72.59,7.1,4.83,96,0.69,100
334,bela vista do paraiso,BR,1573954922,75.2,-23,-51.19,60,4.85,0
335,yumen,CN,1573954795,23.47,40.29,97.04,13,10.47,0
336,atyrau,KZ,1573954923,14,47.1,51.92,92,2.24,40
337,padang,ID,1573954923,79.27,-0.92,100.36,65,2.64,100
338,kontagora,NG,1573954923,74.8,10.4,5.47,36,1.03,72
339,nkhata bay,MW,1573954924,82.74,-11.61,34.3,70,8.68,100
340,lodja,CD,1573954924,69.46,-3.52,23.6,99,2.19,100
341,souillac,FR,1573954925,36,45.6,-0.6,100,1.45,90
342,barentsburg,,,,,,,,
343,gushikawa,JP,1573954926,78.8,26.35,127.87,61,14.99,20
344,isangel,VU,1573954926,86,-19.55,169.27,48,11.41,75
345,lavrentiya,RU,1573954767,22.5,65.58,-170.99,77,16.33,52
346,yeppoon,AU,1573954927,91.4,-23.13,150.74,38,10.29,0
347,brigg,GB,1573954927,46.4,53.55,-0.49,100,3.36,24
348,pathein,MM,1573954861,84.69,16.78,94.73,68,6.69,0
349,south river,US,1573954928,39.99,40.45,-74.39,34,9.17,1
350,port macquarie,AU,1573954928,84,-31.43,152.91,47,6.93,90
351,pangnirtung,CA,1573954758,6.6,66.15,-65.72,77,3.18,10
352,maneadero,,,,,,,,
353,sampit,ID,1573954929,93.24,-2.54,112.95,47,2.95,4
354,sangar,RU,1573954930,-15.63,63.92,127.47,98,2.53,100
355,macamic,CA,1573954930,15.8,48.75,-79,66,6.93,90
356,ayr,AU,1573954930,86,-19.58,147.4,60,1.01,75
357,mlonggo,ID,1573954931,84.99,-6.53,110.7,65,2.13,0
358,sakete,BJ,1573954931,82.4,6.74,2.66,88,9.17,40
359,ambilobe,MG,1573954931,78.93,-13.19,49.05,77,9.55,66
360,meulaboh,ID,1573954765,78.64,4.14,96.13,81,6.06,100
361,saint george,GR,1573954752,53.6,39.45,22.34,100,0.31,75
362,boueni,YT,1573954932,80.6,-12.9,45.08,83,8.05,96
363,surt,LY,1573954798,63.01,31.21,16.59,40,14.2,4
364,sisimiut,GL,1573954933,11.07,66.94,-53.67,64,11.65,0
365,birao,CF,1573954933,71.31,10.3,22.78,31,5.14,10
366,sao mateus,BR,1573954933,71.69,-18.72,-39.86,96,6.82,100
367,tutoia,BR,1573954934,74.77,-2.76,-42.27,89,5.28,5
368,alotau,,,,,,,,
369,guaruja,BR,1573954934,62.01,-23.99,-46.26,82,8.05,40
370,playa vicente,MX,1573954935,71.01,17.83,-95.81,84,3,100
371,puchezh,RU,1573954935,34.61,56.98,43.17,94,7.45,100
372,ranot,TH,1573954935,82.94,7.78,100.32,75,11.03,51
373,bakchar,RU,1573954795,14.13,57.02,82.07,92,10.45,100
374,ojinaga,US,1573954936,60.8,29.56,-104.41,63,3.74,1
375,svetlaya,RU,1573954936,29.37,46.54,138.33,37,7.02,2
376,barcelona,ES,1573954820,48.99,41.38,2.18,70,10.29,20
377,bolgar,RU,1573954937,28.4,54.97,49.03,86,6.71,67
378,evensk,RU,1573954937,10.78,61.92,159.24,75,13.53,76
379,tupik,RU,1573954937,-0.81,54.43,119.94,83,8.48,100
380,aklavik,CA,1573954938,-14.8,68.22,-135.01,75,2.24,20
381,rio grande,BR,1573954750,66.99,-32.03,-52.1,81,12.75,84
382,homer,US,1573954938,35.6,59.64,-151.54,86,4.7,75
383,vila franca do campo,PT,1573954939,55.4,37.72,-25.43,76,6.93,40
384,gulu,UG,1573954939,66.67,2.77,32.3,70,3.62,45
385,whitehorse,CA,1573954939,33.8,60.72,-135.06,98,3.06,90
386,heihe,RU,1573954939,6.8,50.24,127.51,60,4.47,12
387,bathsheba,BB,1573954940,73.4,13.22,-59.52,94,5.82,58
388,jijiang,CN,1573954940,68,29.8,120.61,64,4.94,0
389,venice,US,1573954903,60.8,27.1,-82.45,77,12.75,90
390,nelson bay,AU,1573954941,73.99,-32.72,152.14,60,18.34,40
391,fort saint james,CA,1573954941,35.35,54.43,-124.25,95,8.86,100
392,nikki,BJ,1573954941,74.14,9.94,3.21,41,2.44,5
393,puro,PH,1573954941,83.03,13.13,123.76,78,10.58,100
394,port hardy,CA,1573954942,50,50.7,-127.42,93,17.22,90
395,tukrah,,,,,,,,
396,sterling,US,1573954942,41,39,-77.4,37,5.82,1
397,hasaki,JP,1573954738,61,35.73,140.83,48,14.99,75
398,aleppo,SY,1573954943,56.48,36.2,37.17,26,7.45,0
399,brae,GB,1573954943,42.8,60.4,-1.35,93,8.05,100
400,kincardine,CA,1573954943,23,44.18,-81.63,82,7,98
401,la salle,US,1573954944,36,41.33,-89.09,80,9.17,1
402,amapa,HN,1573954944,75.2,15.09,-87.97,88,1.57,75
403,rocha,UY,1573954944,60.53,-34.48,-54.34,89,3.02,0
404,sorland,NO,1573954945,38.59,67.67,12.69,72,12.03,49
405,tumannyy,,,,,,,,
406,bastia,IT,1573954946,50,44.6,8.98,71,20.8,75
407,iranshahr,IR,1573954946,58.12,27.21,60.69,25,3.42,67
408,shaartuz,,,,,,,,
409,nurlat,RU,1573954947,30.88,54.43,50.8,79,12.17,100
410,guanica,PR,1573954948,82,17.97,-66.91,83,3.36,40
411,chegdomyn,RU,1573954948,4.23,51.13,133.04,76,2.39,9
412,purranque,CL,1573954948,55.4,-40.91,-73.16,71,17.22,90
413,dingle,PH,1573954949,83.88,11,122.67,78,8.39,97
414,zambezi,ZM,1573954949,65.55,-13.55,23.12,89,4.47,100
415,kanye,BW,1573954949,69.51,-24.98,25.34,42,5.7,0
416,udachnyy,RU,1573954754,-7.6,66.42,112.4,83,2.24,90
417,aykhal,RU,1573954950,-7.6,65.95,111.51,83,2.24,90
418,mutsamudu,,,,,,,,
419,mitu,IR,1573954951,22.59,36.2,46.09,68,10.2,0
420,teguise,ES,1573954951,64.4,29.06,-13.56,59,10.29,40
421,horta,BR,1573954951,80.6,-10.93,-37.66,78,10.29,75
422,placido de castro,BR,1573954952,72.45,-10.34,-67.19,98,1.79,100
423,taunggyi,MM,1573954952,73.67,20.78,97.03,59,1.43,26
424,pajapan,MX,1573954952,71.6,18.26,-94.69,88,14.83,75
425,pevek,RU,1573954952,2.37,69.7,170.27,92,5.48,78
426,mashhad,IR,1573954953,37.4,36.3,59.61,69,4.7,75
427,requena,ES,1573954953,46.4,39.49,-1.1,52,11.41,8
428,san francisco del mar,MX,1573954953,72.43,16.34,-94.51,71,7.07,43
429,chulumani,BO,1573954954,54.81,-16.41,-67.53,96,1.05,43
430,graham,US,1573954954,55,33.11,-98.59,54,10.29,1
431,cotonou,BJ,1573954954,82.4,6.37,2.43,88,9.17,40
432,los llanos de aridane,ES,1573954955,64.4,28.66,-17.92,68,12.75,75
433,cockburn town,TC,1573954955,81.68,21.46,-71.14,70,8.72,0
434,chumphon,TH,1573954955,80.6,10.5,99.18,88,3.36,22
435,kodinsk,RU,1573954956,-5.21,58.6,99.18,90,7.18,99
436,jiddah,,,,,,,,
437,ahuimanu,US,1573954755,86,21.44,-157.84,74,8.05,1
438,richards bay,ZA,1573954957,67.87,-28.77,32.06,82,6.08,72
439,zlobin,HR,1573954957,60.01,45.29,14.65,72,8.05,75
440,talaya,RU,1573954957,6.01,55.79,84.89,77,22.37,75
441,diffa,NE,1573954958,78.8,13.32,12.61,21,9.69,86
442,timra,SE,1573954958,37.99,62.49,17.33,97,4.7,90
443,pangai,TO,1573954958,75.29,-19.8,-174.35,78,14.43,4
444,presidencia roque saenz pena,AR,1573954958,69.91,-26.79,-60.44,50,6.33,100
445,prince rupert,CA,1573954959,51.8,54.32,-130.32,93,16.11,90
446,tabiauea,,,,,,,,
447,arlit,NE,1573954960,76.66,18.74,7.39,14,3.4,26
448,oranjestad,AW,1573954960,80.6,12.52,-70.03,83,5.82,20
449,nokha,IN,1573954960,70.07,27.56,73.47,59,7.45,20
450,port blair,IN,1573954904,82.69,11.67,92.75,76,11.63,4
451,kalmunai,LK,1573954961,81,7.42,81.82,79,5.5,0
452,baracoa,CU,1573954961,79.88,20.35,-74.5,78,5.17,100
453,kracheh,,,,,,,,
454,fort nelson,CA,1573954962,6.8,58.81,-122.69,77,3.36,90
455,ribeira grande,PT,1573954745,59.77,38.52,-28.7,75,9.33,100
456,black diamond,CA,1573954962,37.4,50.69,-114.23,55,2.24,75
457,namatanai,PG,1573954962,84.06,-3.66,152.44,70,5.73,100
458,sorong,ID,1573954963,89.35,-0.86,131.25,62,3.18,46
459,smederevska palanka,RS,1573954963,57,44.37,20.96,82,8.05,35
460,novo horizonte,BR,1573954964,66.7,-12.81,-42.17,85,5.14,100
461,constitucion,MX,1573954964,61,23.99,-104.67,72,4.7,90
462,tshikapa,CD,1573954964,69.37,-6.42,20.79,97,2.75,100
463,cabo san lucas,MX,1573954877,78.8,22.89,-109.91,78,5.14,75
464,kharp,RU,1573954965,-3.1,66.82,65.8,96,4.47,100
465,that phanom,TH,1573954965,77,16.94,104.73,88,2.24,40
466,belchatow,PL,1573954966,46,51.37,19.36,93,1.12,90
467,shenjiamen,CN,1573954966,68.5,29.96,122.3,87,16.08,0
468,redmond,US,1573954968,53.01,47.67,-122.12,93,6.93,75
469,sur,OM,1573954968,72.34,22.57,59.53,46,5.3,60
470,christchurch,NZ,1573954968,75.99,-43.53,172.64,28,13.87,100
471,cedar city,US,1573954968,48.2,37.68,-113.06,34,9.17,1
472,oussouye,SN,1573954969,82.4,12.49,-16.54,69,2.24,100
473,grand centre,,,,,,,,
474,vaitape,PF,1573954969,79.99,-16.52,-151.75,82,13.4,4
475,valparaiso,US,1573954970,35.6,41.47,-87.06,80,5.82,1
476,sawtell,AU,1573954970,84.2,-30.38,153.1,64,8.05,75
477,yarmouth,CA,1573954970,28.99,43.84,-66.12,54,12.75,20
478,ulychne,UA,1573954971,46.4,49.23,23.65,93,6.71,75
479,kurikka,FI,1573954971,30.99,62.62,22.4,92,10.29,75
480,caracuaro,MX,1573954971,70.14,19.01,-101.13,86,1.88,96
481,vilhena,BR,1573954683,69.85,-12.74,-60.15,97,1.59,100
482,natchez,US,1573954972,44.6,31.56,-91.4,70,4,1
483,yanchukan,,,,,,,,
484,singaparna,ID,1573954973,82.76,-7.35,108.11,57,5.93,31
485,touros,BR,1573954973,78.8,-5.2,-35.46,78,11.41,20
486,turbat,PK,1573954973,67.19,26,63.05,26,12.03,98
487,hun,BE,1573954789,39.2,50.34,4.87,93,3.36,40
488,port keats,AU,1573954974,91.15,-14.25,129.55,52,13.02,22
489,acapulco,MX,1573954890,82.4,16.86,-99.88,74,6.93,75
490,klyuchi,RU,1573954974,16.5,52.25,79.17,72,12.08,100
491,shishou,CN,1573954975,68.02,29.72,112.42,55,11.9,54
492,granadilla de abona,ES,1573954975,68,28.12,-16.58,82,4.7,90
493,takob,,,,,,,,
494,tacoronte,ES,1573954976,68,28.48,-16.41,82,4.7,90
495,am timan,TD,1573954976,72.37,11.04,20.28,26,2.57,37
496,kobryn,BY,1573954976,47.62,52.21,24.36,88,4.29,100
497,port augusta,AU,1573954977,73,-32.49,137.76,51,12.75,45
498,hearst,CA,1573954977,25.86,49.69,-83.67,83,12.48,100
499,jimma,ET,1573954977,53.44,7.67,36.84,84,0.96,52
500,grand gaube,MU,1573954978,75.99,-20.01,57.66,83,12.75,75
501,zapolyarnyy,RU,1573954978,8.6,69.43,30.82,84,10.29,11
502,qaqortoq,GL,1573954978,37.4,60.72,-46.03,37,35.57,100
503,russell,US,1573954978,57,38.9,-98.86,50,5.82,1
504,port moresby,PG,1573954791,80.26,-9.47,147.16,82,18.95,48
505,altar,MX,1573954979,72,30.72,-111.84,41,1.99,80
506,nizhneyansk,,,,,,,,
507,rancho palos verdes,US,1573954979,75.2,33.75,-118.37,63,5.82,5
508,amga,RU,1573954979,-12.01,60.89,131.98,91,5.17,100
509,sao geraldo do araguaia,BR,1573954897,72.64,-6.4,-48.55,89,2.26,86
510,grindavik,IS,1573954980,32,63.84,-22.43,65,11.41,75
511,kavaratti,IN,1573954800,83.08,10.57,72.64,70,3.74,20
512,kieta,PG,1573954981,85.01,-6.22,155.63,67,4.85,56
513,chekmagush,RU,1573954981,30.87,55.14,54.65,74,15.28,100
514,praia,BR,1573954981,60.91,-20.25,-43.81,98,5.55,51
515,wanaka,NZ,1573954982,64.99,-44.7,169.14,42,5.99,100
516,fort saint john,,,,,,,,
517,gasa,BT,1573954982,33.53,27.91,89.73,39,1.88,0
518,vostok,RU,1573954772,13.64,46.45,135.83,67,4.7,67
519,pocone,BR,1573954983,74.82,-16.26,-56.62,76,1.68,93
520,cairns,AU,1573954980,90,-16.92,145.77,58,8.05,77
521,yakeshi,CN,1573954984,7.11,49.28,120.73,91,12.64,100
522,yanan,,,,,,,,
523,saint-pierre,FR,1573954985,37,48.95,4.24,100,11.41,20
524,chernyshevskiy,RU,1573954985,-16.08,63.01,112.47,90,10.8,42
525,kinkala,CG,1573954985,73.4,-4.35,14.75,94,2.24,20
526,neuquen,AR,1573954986,77,-38.95,-68.06,15,14.99,34
527,axim,GH,1573954986,75.79,4.87,-2.24,92,0.67,37
528,talcahuano,CL,1573954986,59,-36.72,-73.12,82,4.7,34
529,tabor,IT,1573954987,61,45.88,13.74,72,23.04,100
530,chama,ZM,1573954987,74.1,-11.22,33.16,77,1.74,99
531,dali,CN,1573954987,53.28,34.79,109.94,25,16.71,100
532,kingsport,US,1573954737,46.4,36.55,-82.56,81,4.05,1
533,linguere,,,,,,,,
534,wanning,AT,1573954988,43,48.64,13.53,93,2.24,75
535,ust-nera,RU,1573954743,-5.69,64.57,143.24,95,5.17,100
536,kyren,RU,1573954989,-13.5,51.68,102.13,65,2.62,5
537,coahuayana,MX,1573954990,72.34,18.62,-100.35,81,2.39,48
538,shasta lake,US,1573954990,75.2,40.68,-122.36,66,5.95,1
539,chokwe,,,,,,,,
540,clovis,US,1573954991,68,36.83,-119.7,59,3.15,1
541,dongsheng,CN,1573954991,68.02,29.72,112.52,55,11.9,54
542,minudasht,IR,1573954992,42.8,37.23,55.37,100,0.16,90
543,castelldefels,ES,1573954992,48.99,41.29,1.98,70,10.29,20
544,mlimba,TZ,1573954992,76.26,-8.78,35.81,77,2.62,100
545,kobelyaky,UA,1573954992,37.49,49.15,34.2,83,5.93,49
546,vaxjo,,,,,,,,
547,sumenep,ID,1573954993,86.95,-7.02,113.87,55,8.48,0
548,kurilsk,RU,1573954993,26.67,45.23,147.88,84,29.01,88
549,bolungarvik,,,,,,,,
550,bundaberg,AU,1573954800,84.2,-24.87,152.35,62,19.46,40
551,sioux lookout,CA,1573954857,39.2,50.1,-91.92,60,9.17,90
552,novyy urengoy,RU,1573954994,-14.42,66.08,76.63,96,14.25,100
553,sentyabrskiy,,,,,,,,
554,paraiso,BR,1573954995,84.2,-0.03,-51.17,83,11.41,40
555,aksarka,RU,1573954995,-0.71,66.56,67.8,94,14.56,100
556,usinsk,RU,1573954996,20.52,66,57.56,94,14.72,100
557,coruripe,BR,1573954996,77.29,-10.12,-36.18,81,16.2,41
558,rungata,,,,,,,,
559,sena madureira,BR,1573954997,71.47,-9.07,-68.66,98,1.61,47
560,oxford,US,1573954997,45,33.61,-85.83,100,2.8,0
561,asau,,,,,,,,
562,gwanda,ZW,1573954998,71.42,-20.94,29,49,9.08,12
563,vestmannaeyjar,IS,1573954998,40.33,63.44,-20.27,60,19.15,48
564,farah,AF,1573954998,45.95,32.37,62.11,47,5.73,76
565,carutapera,BR,1573954998,81.73,-1.2,-46.02,77,15.7,2
566,mayfield,GB,1573954999,41,55.87,-3.04,93,4.7,75
567,kindu,CD,1573954999,70.66,-2.95,25.92,99,2.77,100
568,vila,IT,1573955000,46,45.18,8.4,100,5.82,75
569,gouyave,GD,1573955000,78.8,12.16,-61.73,88,6.26,20
570,rudnogorsk,RU,1573955000,-10.41,57.27,103.75,92,3.67,65
571,kegayli,,,,,,,,
572,manokwari,ID,1573955001,82.54,-0.87,134.08,67,5.99,76
573,palmares do sul,BR,1573955002,61.97,-30.26,-50.51,77,4.63,0
574,grayvoron,UA,1573955002,32,50.48,35.67,89,6.71,46
575,yerbogachen,RU,1573955002,-23.39,61.28,108.01,94,5.99,0
576,filadelfia,PY,1573954754,73.71,-22.35,-60.04,33,8.08,0
577,caravelas,BR,1573955003,73.45,-17.73,-39.27,89,4.92,100
578,awbari,LY,1573955003,67.86,26.59,12.77,15,11.88,100
579,nema,RU,1573955004,31.69,57.51,50.5,84,8.68,94
580,manzanillo,MX,1573955004,80.6,19.05,-104.32,94,7.43,90
581,coihaique,CL,1573954992,48.2,-45.58,-72.07,87,8.05,90
582,orlik,PL,1573955005,41,53.95,17.74,80,4.7,79
583,zhezkazgan,KZ,1573955005,10.4,47.8,67.71,72,6.71,0
584,codajas,BR,1573955005,74.21,-3.84,-62.06,98,1.25,100
585,saint stephen,US,1573955005,42.8,45.7,-94.27,77,10.29,90
586,beswan,IN,1573955006,71.55,27.65,77.88,49,13.22,0
587,thinadhoo,MV,1573955006,82,0.53,72.93,78,17.43,100
588,geresk,,,,,,,,
589,san patricio,PY,1573955007,63.1,-26.98,-56.83,71,6.15,0
590,warqla,,,,,,,,
591,anandnagar,IN,1573955008,88,18.71,73.3,61,3.36,20
592,marienburg,DE,1573955008,39.99,52.12,9.98,86,6.93,46
593,bandarbeyla,SO,1573955009,79.81,9.49,50.81,78,23.24,50
594,cidreira,BR,1573954763,67.37,-30.17,-50.22,67,8.57,0
595,kortkeros,RU,1573955009,26.6,61.81,51.56,92,4.47,90
596,emba,CY,1573955010,69.8,34.81,32.42,59,6.93,0
597,yar-sale,RU,1573955010,-10.61,66.83,70.83,100,15.46,100
598,alzamay,RU,1573955010,-1.75,55.55,98.67,61,6.46,100
599,afgoye,,,,,,,,
600,rio gallegos,AR,1573954734,55.4,-51.62,-69.22,35,24.16,47
601,nawa,IN,1573955012,70.29,27.02,75,51,7.9,0
602,borovoy,RU,1573955012,22.66,63.23,52.89,94,7.27,81
603,nortelandia,BR,1573955012,72.86,-14.45,-56.8,88,1.41,31
604,ust-omchug,RU,1573955013,-8.57,61.13,149.63,94,6.98,34
605,mossendjo,CG,1573955013,70.63,-2.95,12.72,99,1.14,100
606,grande riviere du nord,HT,1573955013,69.87,19.58,-72.18,92,1.77,0
607,la ronge,CA,1573955013,24.8,55.1,-105.3,92,9.17,90
608,roald,NO,1573955014,33.8,62.58,6.12,86,2.24,68
609,volgodonsk,RU,1573955014,38.35,47.51,42.17,89,11.3,20
610,dicabisagan,PH,1573955015,77.04,17.08,122.42,90,12.01,99
611,benguela,AO,1573955015,74.8,-12.58,13.4,82,2.57,95
612,minyar,RU,1573955016,28.24,55.07,57.55,85,11.07,100
613,hambantota,LK,1573955016,73.4,6.12,81.12,100,1.12,20
614,magaria,NE,1573955016,76.77,13,8.91,20,7.56,0
615,arroio grande,BR,1573955016,62.26,-32.24,-53.09,75,5.61,92
